{
 "cached_items": [
  {
   "file_size": 256,
   "identifier": "https://dl-desktop-xcapps.sonymobile.com/production/xc/data/xc-analytics.xml",
   "last_modified": "Wed, 27 Jan 2016 10:45:37 GMT",
   "name": "60f9b1adaa7c43b0bd6c5c7183cc45ca7aa5b9dc"
  },
  {
   "file_size": 68820,
   "identifier": "https://dl-desktop-xcapps.sonymobile.com/production/xc/data/xc-cloud-capability.xml",
   "last_modified": "Thu, 01 Feb 2018 14:49:41 GMT",
   "name": "0b8991f02280af14052662239a1a3725ba47bb20"
  },
  {
   "file_size": 316,
   "identifier": "https://dl-desktop-xcapps.sonymobile.com/production/xc/data/xc-feature-control.xml",
   "last_modified": "Mon, 11 Dec 2017 13:11:41 GMT",
   "name": "4d62e532b1596d07434b832a04532b6e08c9bdda"
  },
  {
   "file_size": 69915,
   "identifier": "https://dl-desktop-xcapps.sonymobile.com/production/xc/data/xc-supported-devices.xml",
   "last_modified": "Thu, 26 Oct 2017 10:22:07 GMT",
   "name": "4d62e532b1596d07434b832a04532b6e08c9bdda"
  }
 ]
}